exam_name,question_number,question_text,A,B,C,D,correct_label,topic,subtopic,explanation
examreview_103462980,1,"In a contract, one of the parties only met a few of the terms. The other party accepted the work that had been done and said the contract was complete. What is this an example of?",Accepting partial performance,Mutually rescinding the contract,Rescinding the contract unilaterally,Suing for damages,A,Contracts,General,"In this example, the party accepted partial performance as a means of remedying the breach of contract."
examreview_103462980,2,What does the lot and block system use to develop a property's legal description?,Compass headings and directions,Plat references,Principal meridians and base lines,Townships and sections,B,Property Ownership and Land Use Controls and Regulations,Descriptions of Property,The lot and block system uses plat references to develop a property's legal description.
examreview_103462980,3,Which option best defines an equitable lien?,An income tax lien,A real property tax lien,Created by a court of common law; doesn't give the right to possession of the property,Created by law and gives right of possession,C,Property Ownership and Land Use Controls and Regulations,Encumbrances,An equitable lien is created by a court of common law and doesn't give the right to possession of the property.
examreview_103462980,4,Which of the following is true of construction loans?,The lender funds the loan up front.,"The loan can only be used on vacant land, not land with improvements already on it.",The loan is based on the builder's plans for improvement and an appraisal.,This is a type of long-term financing with a low interest rate.,C,Financing,Types of Loans,Plans and specifications of the improvements and an appraisal are needed before a lender will approve a construction loan.
examreview_103462980,5,This statute allows a public agency to issue bonds for the improvement of subdivision street surfaces.,Mello-Roos,Street Improvement Act of 1911,The Improvement Bond Act of 1915,Vrooman Street Act,C,Property Ownership and Land Use Controls and Regulations,Government Rights in Land,The Improvement Bond Act of 1915 allows a public agency to issue bonds for the improvement of subdivision street surfaces.
examreview_103462980,6,Which of the following best describes the state of the market during the expansion phase of the real estate cycle?,High but stabilized unemployment and a high number of foreclosures,"Increases in hiring, employment, and public confidence, and lots of buyers in the market","Properties selling at inflated prices, many buyers in the market, and lots of new construction","Unemployment increasing, prices falling, and foreclosures on the rise",B,Property Valuation and Financial Analysis,Value,"Expansion is when activity starts to really pick up. Companies are hiring, so unemployment decreases. Higher employment means more buyers in the market and more overall public confidence."
examreview_103462980,7,A consumer whose number is on the Do Not Call Registry received a call from a licensee and said the number was on the registry. The licensee called again a few days later. What federal act is the licensee violating?,Anti-Telemarketer Act of 2000,CAN-SPAM Act of 2003,Do Not Call Implementation Act of 2003,Junk Fax Prevention Act of 2005,C,"Practice of Real Estate and Disclosures, Including Specialty Areas",Truth in Advertising,"The Do Not Call Implementation Act of 2003 makes phone solicitation illegal to numbers on the Do Not Call Registry unless a business relationship or permission exists. Neither of these exists here, so the licensee may be committing a violation."
examreview_103462980,8,A buyer cannot afford the full 20% down payment required by their lender. The seller offers to finance the difference between the home's price and the lender's loan amount. What is this type of financing called?,Equity mortgage,Purchase agreement,Purchase money mortgage,Seller-insured loan,C,Financing,Types of Loans,"A purchase money mortgage is the term for seller financing that's typically used to bridge the gap between the home's list price and the institutional loan, though it can also be used to finance the entire purchase price."
examreview_103462980,9,What often comprises the sum total of a buyer's mortgage payment?,Principal and interest,Principal and taxes,"Principal, interest, and taxes","Principal, interest, taxes, and insurance",D,Financing,General Concepts,"Often, the insurance and taxes are rolled into the mortgage payment, along with the principal and interest owed."
examreview_103462980,10,"As a security precaution, which of the following is something you should do?",Limit the amount of personal information you post.,Post addresses to open houses on social media sites.,Post photos of yourself with expensive jewelry or belongings.,Post that you're alone at an open house.,A,"Practice of Real Estate and Disclosures, Including Specialty Areas",Technology,You should limit the amount of personal information you post as a security precaution.
examreview_103462980,11,"In California, an estate at will is known as ______.",A life estate,Chattel interest,Personal property,Real chattel,B,Property Ownership and Land Use Controls and Regulations,Types of Ownership,"In California, an estate at will, such as a lease with no definite end date, is known as chattel interest."
examreview_103462980,12,Which of these advance fee agreements is legal in California?,A broker and a property owner agree to an advance fee for loan modification that will save the money in the long run.,A broker and seller agree to an advance fee for marketing a multi-million dollar property that is not approved by the Department of Real Estate.,A broker and seller agree to an advance fee for marketing a time-share property and the agreement was approved by the Department of Real Estate.,A broker tells a new buyer client the types of wine she prefers just before winking suggestively.,C,Contracts,Advance Fee,"Advance fees need to be approved by the Department of Real Estate, and they'll never be approved for loan modification services, because it is illegal to charge an advance fee for loan modifications."
examreview_103462980,13,"The Johnsons have owned a small restaurant for more than 20 years. It's open for lunch and dinner six days a week, and 80% of its weekday revenue comes from the happy hour drink and appetizer specials. The town in which their restaurant is located recently constructed a new middle school and stripped the liquor license from the Johnsons' restaurant, because it no longer complies with the ordinance to be 500 feet from a school property. The Johnsons have accused the town of _____.",Condemnation,Eminent domain,Escheat,Inverse condemnation,D,Property Ownership and Land Use Controls and Regulations,Government Rights in Land,"Inverse condemnation occurs when a property's value is negatively affected by government regulation, but the owner is not offered just compensation according to the requirements of the Takings Clause."
examreview_103462980,14,"Which type of ownership includes the unity of time, title, interest, possession, and marriage, and dissolves to a tenancy in common after a divorce?",Estate in severalty,Joint tenancy,Tenancy by the entirety,Tenants in common,C,Transfer of Property,Types of Vesting,"This type of ownership is tenancy by the entirety. It's similar to joint tenancy in that it has the right of survivorship and includes unity of time, title, interest, and possession. The difference is that marriage is added to the mix."
examreview_103462980,15,Anthony owns a new commercial strip mall with several units. He's hired Jillian as his agent to find tenants to rent each unit. Is Jillian required to provide Anthony with an agency disclosure form?,It depends on how many units are for lease.,"No, agency disclosure is only required for residential transactions.","No, agency disclosure is only required on sales of commercial properties.","Yes, Jillian is required to provide Anthony with an agency disclosure form.",D,Laws of Agency and Fiduciary Duties,Disclosure of Agency,Disclosure is required. The number of units involved in the transaction is only relevant in residential property transactions.
examreview_103462980,16,Serious violations of the real estate license laws typically result in which disciplinary action or actions?,Additional education,A small fine,License suspension or revocation,Reprimand,C,"Practice of Real Estate and Disclosures, Including Specialty Areas",DRE Jurisdiction and Disciplinary Actions,Serious violations may also include restrictions.
examreview_103462980,17,April owes money to quite a few people after a round of court-ordered judgment liens were placed on her property. Can you determine who would get paid first?,"Alycea filed at the end of June and was awarded $50,000.","Bob filed in May and was awarded $85,000.","Frank filed in February and was awarded $10,000.","Sarah filed in March and was awarded $15,000.",C,Property Ownership and Land Use Controls and Regulations,Encumbrances,"Even though Frank is owed the least amount of money, he would receive priority because he filed first."
examreview_103462980,18,The Town of Petersville has just decided to restrict density in one area of town that previously allowed a higher density. This is known as ______.,Aesthetic zoning,Density zoning,Downzoning,Reduction zoning,C,Property Ownership and Land Use Controls and Regulations,Public Controls,"While it may result in more beautiful neighborhoods and does result in lowering density, downzoning also reduces possible uses and potential value."
examreview_103462980,19,How does California inform consumers that commissions are not set by law?,Commissions are set by law,Through a commission disclosure statement,Through language on the agency disclosure form,Through specific language on listing agreements,D,"Practice of Real Estate and Disclosures, Including Specialty Areas",Truth in Advertising,Listing agreements in California have specific language informing the seller that commissions and fees are not fixed by law and are negotiable.
examreview_103462980,20,"Sandra retired from a career in the Navy and is ready to buy her first home, a small bungalow in a quiet neighborhood, for $169,900. Her military service gives her the benefit of Veterans Affairs (VA) loan. What's her required down payment?",$0.00,"$1,699.00","$2,548.50",$500.00,A,Financing,Types of loans,"The VA loan program was part of the G.I. Bill of 1944, and it offers financing with no down payment."
examreview_103462980,21,Which of the following would be considered personal property?,Built-in microwave,Custom curtains,Free-standing TV,In-ground pool,C,Property Ownership and Land Use Controls and Regulations,Classes of Property,"If the item is permanently attached to the real property, it becomes real property. Personal property, also known as chattel, is attached temporarily."
examreview_103462980,22,What is a negative aspect of net listings?,The listing agent is guaranteed at least some compensation.,They don't include compensation for the buyer's agent.,They often involve a conflict of interest.,They're legal in all 50 states.,C,Contracts,Listing Agreements,"Net listings are prohibited in several states, and there's no guarantee of compensation. The conflict could occur if the listing agent didn't present offers that left little for compensation, even though the offers met the seller's needs."
examreview_103462980,23,"According to RESPA, what must the lender give to the borrower at either the time of loan application or within three days following application?",Closing Disclosure,Freddie Mac borrower disclosure,Loan Estimate,TIL statement,C,Transfer of Property,Escrow,"The lender must give the borrower the Loan Estimate at the time of application, or within three days following loan application. The Closing Disclosure must be provided to the borrower three days prior to settlement."
examreview_103462980,24,What's a marketable title?,A title that a relative has gifted,A title that has been granted by public grant,A title that is about to go on the market,A title that is clear and free of encumbrances,D,Transfer of Property,Title Insurance,A marketable title provides assurance that there are no unrecorded liens or claims on the property.
examreview_103462980,25,Which of the following groups represents a niche?,Empty nesters,Home buyers,Homeowners,Urbanites,A,"Practice of Real Estate and Disclosures, Including Specialty Areas",Specialty Areas,"A niche is a focused group of people with something in common. It's specific, not general."
examreview_103462980,26,Which agency is charged with enforcing fair housing laws and holding all parties accountable for compliance with these laws and regulations?,Office of Civil Rights,Office of Equal Credit Opportunity,Office of Fair Housing and Equal Opportunity,Office of Housing and Community Development,C,"Practice of Real Estate and Disclosures, Including Specialty Areas",Fair Housing Laws,Individuals who have experienced housing discrimination can file a complaint with the Office of Fair Housing and Equal Opportunity. The FHEO is charged with enforcing fair housing laws.
examreview_103462980,27,On which type of property would the cost approach typically be used when determining value?,Condominium,Cooperative,New construction,Older but not historical property,C,Property Valuation and Financial Analysis,Methods of Estimating Value,"The cost approach is often used for new construction, unique properties, and special-purpose commercial uses."
examreview_103462980,28,"Your client, a seller in a residential transaction, is completing the seller's information sections of the TDS. He has marked some ""yes"" responses in Section C, and needs to explain the issues, but complains to you that there is not enough space on the form. What do you tell your client?",Attach additional sheets to the form,"Don't bother with that, because it's not required",Provide the client with the TDS - Expanded version of the form,Write smaller and abbreviate,A,"Practice of Real Estate and Disclosures, Including Specialty Areas",Transfer Disclosure Statement,"Explanations for material facts should be complete and clear, so the client should use additional sheets and attach them to the TDS."
examreview_103462980,29,Volatile organic compounds can make indoor air quality toxic. Where are VOCs likely to be found?,Air fresheners,Bamboo,Jute,Wool,A,Property Ownership and Land Use Controls and Regulations,Environmental Hazards and Regulations,"Volatile organic compounds, which can make indoor air quality toxic at high levels, are found in some air fresheners, cleansers, paint, and building materials."
examreview_103462980,30,"The property manager, hired by the owner to oversee daily operations of rental property, is responsible ___________________",To both the owner and the tenants,To the local rent control board,To the owner only,To the tenants only,A,"Practice of Real Estate and Disclosures, Including Specialty Areas",Property Management,The property manager owes responsibilities to both the property owner and the tenants.
examreview_103462980,31,"Richard is interested in purchasing some rural land and included outbuildings. When reviewing the legal description, he sees the name of a principal meridian. What type of legal description is this?",Lot and block,Metes and bounds,Monument and benchmark,Rectangular government survey,D,Property Ownership and Land Use Controls and Regulations,Descriptions of Property,"Legal descriptions that use the RGSS usually include the state, name of the principal meridian, township, and range designations with compass directions and section numbers."
examreview_103462980,32,"Isabelle just took on a new listing, in which the owner is selling because a new freeway is being built right behind the house. The owner is concerned about the noise and other activity the freeway will bring, but doesn't want prospective buyers to know this. Which action best demonstrates good faith in this scenario?","Isabelle decides not to take the listing, since the property will be impossible to sell.","Isabelle takes the listing and, per her client's instructions, doesn't tell prospective buyers about the planned road construction.","Isabelle takes the listing, tells the seller she won't discuss the new freeway, then discloses this fact to prospective buyers, since it's material to the property.",Isabelle tells the owner that this is a material fact related to the property that must be,D,"Practice of Real Estate and Disclosures, Including Specialty Areas",General Ethics,"disclosed to prospective buyers, or Isabelle will not take the listing. Good faith is about putting your client's interests first, but you also owe good faith to consumers. Material facts about a property must be disclosed. If an owner is adamant about not disclosing something that should be disclosed, don't take the listing."
examreview_103462980,33,Why is asbestos an environmental issue?,It causes brain clouds.,It causes chronic lung disease.,It causes depression.,It takes up space in a landfill.,B,Property Ownership and Land Use Controls and Regulations,Environmental Hazards and Regulations,"Asbestos is a friable substance that, when demolished improperly, produces fibers that cause chronic lung disease and can cause cancer."
examreview_103462980,34,"Lucas, Ivan, Chad, and Trace own a property as joint tenants. After a few years, Ivan sells his interest to Tom (with permission from Lucas, Chad, and Trace). Chad dies intestate but is survived by a wife, Amy. Trace also then passes away but wills his property to Monique. Who owns the property after Trace's death?",Lucas,Lucas and Tom,"Lucas, Monique, and Amy","Lucas, Tom, Amy, and Monique",B,Transfer of Property,Types of Vesting,"Joint tenants are allowed to sell their interests, so Tom became a property owner when Ivan sold his interest. However, joint tenancy is not inheritable but instead includes the right of survivorship. Trace's and Chad's interests passed to Lucas. Tom is a tenant in common because he did not acquire the property at the same time as the original joint tenants. His interests are not affected by Trace and Chad's deaths."
examreview_103462980,35,Which of the following items directly influences real estate demand?,Construction costs,Construction of new homes,Conversions to residential properties,Loan availability,D,Property Valuation and Financial Analysis,Value,"Demand is directly influenced by factors such as employment levels and wages, interest rates, population changes, confidence in the market, and availability of loans."
examreview_103462980,36,Carla has successfully closed on the purchase of a home. The deed shows she's taken sole ownership of the property. Which of these actions is necessary before the escrow agent can have the deed recorded?,Carla must name a beneficiary.,Carla must state her acceptance of the deed.,The grantor's signature must be acknowledged.,The title company must issue a standard policy that validates the deed.,C,Transfer of Property,Deeds,The grantor's signature must be acknowledged before the deed can be recorded in the county records.
examreview_103462980,37,"Which of these would most likely be found in the ""potentially negative items"" section of a credit report?",A current car loan,A student loan that has been paid off,"Credit card with a balance, but no late payments",Lien,D,Financing,General Concepts,"The ""potentially negative items"" section includes items such as past due accounts, bankruptcies, liens, and foreclosures."
examreview_103462980,38,What types of real estate licenses are issued in California?,Broker and salesperson licenses,"Broker, salesperson, and associate broker licenses",Only broker licenses,Only salesperson licenses,B,"Practice of Real Estate and Disclosures, Including Specialty Areas",Licensing and Continuing Education Requirements and Procedures,"In California, two types of licenses are issued: broker and salesperson. Some licensees may work in the role of an associate broker, but this person holds a broker license."
examreview_103462980,39,"Max has a dog that bit his neighbor. The neighbor sued Max, which resulted in a judgment against him. Max refused to pay the neighbor according to the judgment. The neighbor placed a lien against Max. How is this lien classified?","Involuntary, general","Involuntary, specific","Voluntary, general","Voluntary, specific",A,Property Ownership and Land Use Controls and Regulations,Encumbrances,"This is an involuntary general lien, since Max didn't agree to it, and it's attached to all of Max's property."
examreview_103462980,40,"Why should you avoid describing a property as ""secluded"" when marketing through a social network?","Everyone defines secluded differently, so it isn't specific enough.",Most homebuyers are interested in being part of a community.,"Property descriptions should focus more on the home, not its surroundings.",Thieves may see this as an opportunity to enter the house unseen.,D,"Practice of Real Estate and Disclosures, Including Specialty Areas",Technology,"""Secluded"" or ""private"" are words that describe a house that thieves may easily enter without being seen."
examreview_103462980,41,Stan is a home inspector who's evaluating a home for potential buyers. He pointed out that neither of the two bathrooms had vent fans installed. Why is this a potential problem that will be noted on the inspection report?,Bathroom fans can mitigate lead paint particles.,Bathroom fans vent radon to the exterior of the home.,The lack of air circulation in a moist room can lead to mold growth.,Unseemly smells located that close to the kitchen are a problem.,C,Property Ownership and Land Use Controls and Regulations,Environmental Hazards and Regulations,Moisture breeds mold. Keeping the area dry and the air circulating can help prevent mold.
examreview_103462980,42,What does MLS stand for?,Market listing service,Maximum listing service,Membership listing service,Multiple listing service,D,"Practice of Real Estate and Disclosures, Including Specialty Areas",Technology,"The MLS provides multiple brokers the opportunity to list their clients' properties, providing broad exposure."
examreview_103462980,43,"What does ""cash-on-cash return"" mean?",A comparison of before-tax cash flow to cash invested,Making money hand over fist,Net income after taxes are deducted,Trading international currency,A,Property Valuation and Financial Analysis,Financial Analysis,Cash-on-cash return is a ratio or percentage. It compares before-tax cash flow to cash invested.
examreview_103462980,44,With what type of loan do the principal and interest payments remain the same for the life of the loan?,Balloon payment,Fixed-rate,Graduated mortgage,Pledged-account,B,Financing,Types of Loans,"With a fixed-rate loan, the principal and interest remain the same over the life of the loan. Taxes and insurance may fluctuate."
examreview_103462980,45,You work for XYZ Realty under the supervision of broker Luke. Your buddy in the next county gave you a referral fee. The check came to your office in your name. You deposit it. Is this okay?,"No, because agents can only be paid directly if they're paid in cash.","No, because all compensation must come through your broker.","Yes, if the check is endorsed by your broker, as well.","Yes, provided your broker knows about the check.",A,Laws of Agency and Fiduciary Duties,Commission and Fees,Licensees must be paid only through their brokers.
examreview_103462980,46,Who would inherit the property in a family with legally adopted children if both parents died without a will?,The illegitimate children,The IRS,The legally adopted children,The state,C,Property Ownership and Land Use Controls and Regulations,Government Rights in Land,"Because legally adopted children are considered heirs to their parents, they would inherit the property."
examreview_103462980,47,Which of the following rental properties may be subject to local rent control ordinances?,Condo,Multi-unit building,New construction,Single-family home,B,"Practice of Real Estate and Disclosures, Including Specialty Areas",Property Management,Some properties are exempt from local rent control ordinances.
examreview_103462980,48,Matteo is looking over his records to prepare for an audit. He starts to panic when he finds that he's done something that will likely cause him to be cited. What did he find?,He didn't use DRE accounting forms.,He neglected to keep cancelled checks.,He's kept receipts for earnest money deposits signed by the buyers.,He's reconciled his accounts each month.,B,"Practice of Real Estate and Disclosures, Including Specialty Areas",Trust Account Management,Failing to keep a copy of all cancelled checks for the three years is a reason a broker may be cited.
examreview_103462980,49,What is the most profitable use of a property?,Anticipation,Contribution,Highest and best use,Progression,C,Property Valuation and Financial Analysis,Value,"Highest and best use has to do with a property's most profitable use that is both legal (in other words, conforms to zoning) and economically feasible (won't cost more than the increase in value)."
examreview_103462980,50,Which of these statements is NOT true about a specific lien?,It may allow the creditor to sell the property through a court sale (foreclosure) and be repaid from the proceeds of the sale.,It prevents the debtor from transferring the property until the debt has been repaid.,It's a lien against a single property rather than a person.,It's always involuntary.,D,Property Ownership and Land Use Controls and Regulations,Encumbrances,A specific lien may be voluntary or involuntary.
examreview_103462980,51,What is it called when one party to a contract transfers the contractual rights and obligations to another but remains liable for the contract terms?,Assignment,Execution,Novation,Termination,A,Contracts,General,"Parties to a contract can assign their rights and obligations under the contract to a new party. This technique is most often used by wholesalers, and is generally allowable only if specifically agreed to in the contract."
examreview_103462980,52,What part of an agreement are the promises that each party makes?,Consideration,Flaw,Legal competency,Undue influence,A,Contracts,General,Consideration is the giving of something of value in exchange for something of value.
examreview_103462980,53,Which of these actions are exempt from California's Fair Employment and Housing Act?,"A man posts a classified ad stating he is looking for a male roommate to share his two-bedroom, one-bath apartment.",An apartment manager assigns minorities to one building.,"An apartment manager refuses to allow an assistance animal in a building with a ""no pets"" policy.","A woman advertises her single-family residence for lease, and says, ""No minorities",A,"Practice of Real Estate and Disclosures, Including Specialty Areas",Fair Housing Laws,"allowed."" It is legal under the FEHA to post an ad for a roommate of a specific sex."
examreview_103462980,54,"You make a listing presentation to a client, then learn she's meeting with a few more licensees before deciding which licensee gets her listing. You know these competitors. Which action best demonstrates good faith?",You contact the other licensees to try to convince them not to work with the seller.,You tell the seller all of the dirt you have on the other licensees.,You tell the seller you hope she'll decide to work with you.,You walk away from the listing.,C,"Practice of Real Estate and Disclosures, Including Specialty Areas",General Ethics,"Good faith is hoping the seller chooses to work with you, but you shouldn't share personal information you know about other licensees or try to convince others not to work with the sellers. Play fair!"
examreview_103462980,55,Which one of the following best describes the state of the market during the recovery phase of the real estate cycle?,High but stabilized unemployment and a high number of foreclosures,"Increases in hiring, employment, and public confidence, and lots of buyers in the market","Properties selling for more than they're worth, many buyers in the market, and lots of new construction","Unemployment increasing, prices falling, and foreclosures on the rise",A,Property Valuation and Financial Analysis,Value,"During the recovery phase, we've passed our low point and unemployment rates and foreclosures begin to level off before improving."
examreview_103462980,56,"Jenny is selling her property and has hired Larry as her agent. After the property's listed, Jane brings her client, Andrew, to see the property, and he decides to make an offer. Who is Jane in this scenario?",A buyer's agent,A dual agent,A seller's agent,A sub-agent,A,Laws of Agency and Fiduciary Duties,"Law, Definition and Nature of Agency Relationships, Types of Agencies, and Agents","Jane represents Andrew, the buyer, which makes her the buyer's agent."
examreview_103462980,57,Amy is explaining the broker and seller's duties section of a listing agreement to a new client. Which of these would be an accurate statement to make?,The extent of the broker's duties depends on the type of listing agreement.,The seller agrees to set a list price that's within the range recommended by the broker.,The seller and broker will take turns showing the property to potential buyers.,The seller and the broker agree to exercise reasonable effort and cooperation in the sale of the property. ,D,Contracts,Listing Agreements,This section is where the seller and the broker agree to exercise reasonable effort and cooperation in the sale of the property. It also stipulates that the seller is responsible for setting the list price.
examreview_103462980,58,"Danny and Wendy recently relocated to California. They are buying a three-bedroom home in an established neighborhood where they look forward to raising a family. Their real estate agent, Brunhilda, thinks that their income, which is on the low side, and the property could make them eligible for ______, which would offer reduced, fixed interest rates on a loan.",A CalHFA loan product,California Direct Loan Program financing,California Mortgage Assistance,Seller financing,A,Financing,Government Programs,The California Housing Finance Agency finances mortgage loans to low- and moderate-income homebuyers.
examreview_103462980,59,The _____ is the name of California's antitrust law.,Cartwright Act,Clayton Act,Federal Trade Commission Act,Sherman Act,A,"Practice of Real Estate and Disclosures, Including Specialty Areas",Truth in Advertising,"California's antitrust law is called the Cartwright Act. It closely follows the Sherman Act, but more clearly defines actions that are unlawful."
examreview_103462980,60,The Acme Company is planning to build a factory on the three-acre property it just purchased in Southern California. The factory will need access to a large amount of water. How will the company gain the right to the water it needs?,It must apply for a water permit from the California State Water Resources Control Board.,It must negotiate a deal with a property owner with previous water rights under the doctrine of prior appropriation.,It must purchase water rights from a current property owner with riparian rights.,It must use reclaimed water from the local water treatment plant.,A,Property Ownership and Land Use Controls and Regulations,Water Rights,The California State Water Resources Control Board reviews permit applications for the right to use water and will only issue the permit if the environmental impact and impact on current water users is acceptable.
examreview_103462980,61,Brenda is a real estate salesperson. Jim is her sponsoring broker. Brenda is moving to a different area in the state and will no longer be able to work with Jim. Her new sponsoring broker will be Cindy. What must take place for Brenda to transfer her license to Cindy?,Brenda completes a change application.,Brenda must complete a new license application.,Cindy completes a new license application for Brenda.,Jim must notify the California DRE and give Brenda her license certificate. Brenda and Cindy complete a change application.,D,"Practice of Real Estate and Disclosures, Including Specialty Areas",Licensing and Continuing Education Requirements and Procedures,"All parties (existing broker, salesperson, and new broker) have to take action for the transfer to occur."
examreview_103462980,62,"Leo's client is looking for a property with at least 2,500 finished square feet. Leo finds a 2,200-square- foot property with all the other features the client is looking for, and purposely doesn't mention the square footage to his client. His client agrees to look at the property, falls in love with it, and wants to make an offer, but does not realize it doesn't contain his desired square footage. Which of these statements accurately represents Leo's level of misrepresentation in this situation?","Because Leo didn't state the square footage, he's not guilty of misrepresentation.","It's the buyer's responsibility to ensure that the property has the proper square footage, so Leo's in the clear.",Leo accidentally omitted a material fact. This is considered unintentional misrepresentation.,Leo knew about the square footage and intentionally didn't mention it. He's guilty of intentional misrepresentation. ,D,"Practice of Real Estate and Disclosures, Including Specialty Areas",Truth in Advertising,"Leo knew the square footage was short, and he intentionally didn't mention it to the buyer. Therefore, he's guilty of intentional misrepresentation."
examreview_103462980,63,"Kennedy lists Heather's home. He noticed evidence of termites, and asked Heather about it. She said a pest control company solved the problem. What can Kennedy do to reduce the risk of misrepresentation?",Ask for the pest control company report from Heather.,Defer questions to Heather.,List it the property as free of pests.,She has done everything she needs to do.,A,"Practice of Real Estate and Disclosures, Including Specialty Areas",General Ethics,"It's always good to back up seller disclosure statements with hard evidence. It may have been many years since any mitigation was done, which could mean the bugs are back."
examreview_103462980,64,The seller disclosure indicates that the central air conditioning unit is 26 years old. Why might this worry Margot's buyers?,Central air conditioning isn't a sustainable technology.,Older units are bigger and more unsightly.,The unit may need to be replaced.,They were hoping for window air conditioning.,C,"Practice of Real Estate and Disclosures, Including Specialty Areas",Disclosure of Material Facts Affecting Property Value,"All major systems have natural lifetimes-they don't last forever. At 26 years old, the air conditioning system will likely need to be replaced soon, adding an extra expense for the buyers."
examreview_103462980,65,"What is meant by ""usable"" square footage?",The area occupied by the tenant,The building area that's used by the greatest number of people,The carpetable area,"The tenant's area plus halls, bathrooms and other common areas",A,"Practice of Real Estate and Disclosures, Including Specialty Areas",Commercial/Industrial/Income Properties,"Usable square footage is the area occupied by the tenant. Rentable square footage includes the area occupied by the tenant plus the tenant's share of the foyer, hallways, etc."
examreview_103462980,66,"Virginia is finally living her dream-she bought a coffeehouse in a charming college town. After she closed on it, her attorney sat down with her to discuss various business licensing and legal requirements she'll have to meet. Virginia was surprised to learn that her five-table establishment is affected by the Americans with Disabilities Act. What must be true about the coffeehouse?",It includes at least 400 square feet of public space.,It's a commercial enterprise that's open to the public.,It sits in a city center.,It was built after 1978.,B,"Practice of Real Estate and Disclosures, Including Specialty Areas",Commercial/Industrial/Income Properties,"If a business in a constructed building serves the public, then it falls under the ADA."
examreview_103462980,67,"Aside from your name, what else must be included on every page of your website, according to the DRE's rules?",City and state where the brokerage is located and jurisdiction,License number and responsible broker's identity,Personal contact number,Personal photo,B,"Practice of Real Estate and Disclosures, Including Specialty Areas",Truth in Advertising,DRE requires that your license number and broker's identity be on your website.
examreview_103462980,68,"When real estate licensee Brian discovered that real estate licensee Arnold was using a ""Choose Your Neighbor"" letter to market a property without also listing the property in the MLS, in the local paper, or even putting a for sale sign in the yard, what charge could he bring against Arnold to the National Association of REALTORS®?",A charge of agreeing to discriminate by limiting access to the property,A charge of misrepresenting the property for sale,A charge of not fulfilling his fiduciary duties to his client by not conducting a complete marketing plan,"A charge of unfair practice because his mother did not get one of the ""Choose Your",A,"Practice of Real Estate and Disclosures, Including Specialty Areas",Servicing Diverse Populations,"Neighbor"" letters REALTOR® Brian could charge Arnold with violating Article 10 of the Code of Ethics, which prohibits REALTORS® from agreeing to discriminate against people belonging to a protected class."
examreview_103462980,69,"______ is the principle that the more similar properties are on the market, the lower the price.",Competition,Conformity,Contribution,Plottage,A,Property Valuation and Financial Analysis,Value,"If the competition is high, and there are many similar properties on the market, prices are likely to be driven down."
examreview_103462980,70,Advance fee agreements in California need to be approved by which regulatory body?,Department of Finance,Department of Real Estate,Managing Brokers,Office of Real Estate Appraisers,B,Contracts,Advance Fee,"The Department of Real Estate approves advance fee agreements, which cannot be used for loan modification services."
examreview_103462980,71,"A buyer looked at the legal description of the property they were interested in purchasing. They read the following: ""Beginning at the corner of State Route 61 and Hallowell Road, north for 314 feet, then southwest for 193 feet."" In this description, what does ""north for 314 feet"" represent?",A benchmark,A bound,A mete,A monument,C,Property Ownership and Land Use Controls and Regulations,Descriptions of Property,Metes (measures) are the direction and distance of a line forming the boundary of the property.
examreview_103462980,72,California real estate licensee Carmen has an MLO endorsement on her license. Which of these actions is she required to take?,"Include her MLO unique identification number on any ""for sale"" signs she puts up.",Include her MLO unique identification number on her business cards.,Offer competitive terms on any loans she negotiates for her clients.,Renew her endorsement biennially.,A,Financing,Loan Brokerage,"Carmen will renew her endorsement annually. The law requires her to include her unique identifier on her business cards, but not on for sale signs."
examreview_103462980,73,"Ruby just bought a few undeveloped acres in the California desert. Once she installs her manufactured home, she plans to obtain water for herself and her animals by digging a well to access the ______.",Appropriated water,Percolating ground water,Public water source,Riparian water,B,Property Ownership and Land Use Controls and Regulations,Water Rights,"Water that lies beneath the surface of a property is known as ground water or percolating ground water, and it's a property owner's right to access it in California. Ruby will likely need a permit to dig her well."
examreview_103462980,74,"As a property manager for several residential landlords, Tomas must provide critical reports to each of the property owners for whom he works. Which of the following information points needs to be updated and issued monthly?",Fair market value of each property,Income and expenses for each property,Number of vacation days taken by property employees,The number of days a tenant is late when paying rent,B,"Practice of Real Estate and Disclosures, Including Specialty Areas",Property Management,Property managers are expected to provide income and expense reports to owners on a monthly basis.
examreview_103462980,75,"Tina is purchasing a home that appraised for $10,000 more than the sales price. On which figure will the lender base the loan-to-value ratio?",It will be based on a combination of the sales price and appraised price.,It will be based on the appraised price.,It will be based on the sales price.,It will depend on how much Tina is putting down.,C,Financing,General Concepts,Lenders use the lesser of the sales price or appraised value to determine LTV ratio. The amount Tina puts down won't affect which of these figures the lender uses.
examreview_103462980,76,"The Residential Lead-Based Paint Hazard Reduction Act requires sellers, landlords, and their agents to ______ any known lead hazards in the home.",Assess the degree of,Disclose,Negotiate fees for removal of,Remove,B,Property Ownership and Land Use Controls and Regulations,Environmental Hazards and Regulations,"This act requires sellers, landlords, and agents to disclose any known lead hazards in the home. It also requires them to provide a lead safety pamphlet to prospective buyers and provide any records they have of lead assessments or testing."
examreview_103462980,77,Which of these individuals is responsible for holding a California buyer's down payment funds until the transaction closes?,The buyer's attorney,The buyer's real estate agent,The escrow agent,The seller's real estate agent,C,Transfer of Property,Escrow,"The escrow agent is responsible for holding all escrow items, such as the buyer's down payment and documents related to the transaction."
examreview_103462980,78,For which of these situations will a California property be assessed property taxes for multiple base year values?,"Buffy and Bill have an older home in the mountains, and recently decided to have a contractor bring it up to code with seismic retrofits.","Elderly Martha now uses a wheelchair to get around, so she had some modifications made to her home to accommodate it.","Samantha needed more room for her growing cat family, so she had a contractor build an addition to the home she's owned for the past 10 years.","Will bought an older house, immediately tore it down, and constructed a new one.",C,Property Ownership and Land Use Controls and Regulations,Government Rights in Land,Samantha's property will have two base years. The addition will receive a base year as of the date construction is completed. The base year for the rest of the property won't change. Certain types of improvements are exempt from reassessment.
examreview_103462980,79,"In which type of common interest subdivision do the owners have exclusive rights to a unit, as well as a shared interest in the common areas?",Condominium project,Planned development,Stock cooperative project,Timeshare,A,Property Ownership and Land Use Controls and Regulations,Types of Ownership,"This describes a condominium project. It may sound similar to a stock cooperative, but owners of that type of property attain ownership rights through a corporation and have exclusive occupancy rights."
examreview_103462980,80,Regina's mortgage payment arrives late one month. What language in the promissory note allows the lender to charge her a fee as a result?,Cross-default clause,Late charge provision,Lock-in clause,Partial release clause,B,Contracts,Promissory Notes/Securities,The promissory note includes a late charge provision to encourage borrowers to pay on time.
examreview_103462980,81,"A couple owns a property on a small island with six other property owners. Recently, the couple built a fishing pier along the water's edge; however, the pier is actually on their neighbor's property, which the couple has no rights to. What might this be an example of?",Easement,Encroachment,Estate,Eviction,B,Property Ownership and Land Use Controls and Regulations,Encumbrances,"An encroachment is when a building, shrub, fence, or other item illegally crosses over into another's property."
examreview_103462980,82,What is it called when a licensee tries to induce sales by predicting a decline in market value?,Assertive bargaining,False advertising,Harassment,Panic selling,D,"Practice of Real Estate and Disclosures, Including Specialty Areas",Truth in Advertising,"When a licensee tries to induce sales by predicting decline in market value, it is called panic selling or blockbusting and is illegal."
examreview_103462980,83,"A landlord with a strict ""no pets"" policy won't rent to a woman who uses a service animal to assist with her epilepsy. Which of the following is a true statement about this situation?",This is discrimination based on disability.,This is discrimination based on familial status.,This isn't discriminatory because service animals are restricted to people with visual impairments.,"This isn't discriminatory if the ""no pets"" policy is universally applied.",A,"Practice of Real Estate and Disclosures, Including Specialty Areas",Fair Housing Laws,"Service animals assisting any individual with a disability must be allowed in any housing or residential situation. They're not classified as pets, so even if there's a ""no pets"" policy, it wouldn't apply."
examreview_103462980,84,"Della has a new listing for a duplex. To fulfill her obligations as the seller's agent, she performs her diligent and reasonably competent inspection of the property, using the _________ to record her observations.",Agent Visual Inspection Disclosure,Property Condition Review,Seller Property Questionnaire,Seller Visual Inspection Disclosure,A,"Practice of Real Estate and Disclosures, Including Specialty Areas",Transfer Disclosure Statement,The Agent Visual Inspection Disclosure is a C.A.R. form that can be used by agents to document their required visual inspection of the property.
examreview_103462980,85,Five brokerage firms charge approximately the same listing compensation and pay approximately the same cooperating compensation to the selling broker. The compensation splits within each firm are also similar. Is this an antitrust violation?,"No. The similarities between compensation rates may be suspect, but the similarity between compensation splits doesn't matter.",Not necessarily. The fact that the firms' compensation rates and splits are similar doesn't necessarily mean they agreed to fix those values.,Yes. The fact that the firm's compensation rates and splits are so similar is a restraint of trade.,"Yes. The firms' internal compensation splits can be the same, but they can't all charge the same compensation rate. ",B,"Practice of Real Estate and Disclosures, Including Specialty Areas",Truth in Advertising,Compensation rates may naturally fall into similar patterns in a given area without collusion between competitors; there must be evidence of an agreement to fix fees in order for this to be a violation.
examreview_103462980,86,"Olivia purchased a property five years ago for $200,000. She put down $50,000 and financed $150,000. Today, the property is valued at $250,000. She'd like to purchase another property, so she refinanced her current property and used the equity to purchase a new property. Of what is this an example?",Depreciation,Equity build-up,Pyramiding,Rate of return,C,"Practice of Real Estate and Disclosures, Including Specialty Areas",Commercial/Industrial/Income Properties,"Pyramiding makes use of one investment to finance another. This can be done through the sale or refinance of the first property, then using that equity to purchase another property."
examreview_103462980,87,"Which factor influences property value and addresses questions such as, ""What's the market like?"" and ""Are there more buyers than sellers, or vice versa?""",Demand,Scarcity,Transferability,Utility,A,Property Valuation and Financial Analysis,Value,Demand looks at the market and the number of buyers vs. sellers.
examreview_103462980,88,"David is an active duty member of the U.S. Air Force. Assuming he and the property meet the qualifications, which type of mortgage may be the best option for him?",A conventional loan,A Ginnie Mae-originated loan,An FHA loan,A VA-guaranteed loan,D,Financing,Government Programs,A VA-guaranteed loan may be a good option for David as an active duty member of the armed forces.
examreview_103462980,89,Neighboring firms agree that leads in one part of town will all be sent to only one of the firms. What type of antitrust violation is this?,Group boycotting,Market allocation,Price fixing,Tie-in arrangements,B,"Practice of Real Estate and Disclosures, Including Specialty Areas",Truth in Advertising,"This agreement is a market allocation antitrust violation, and it unfairly limits consumers' options."
examreview_103462980,90,Which factor that influences value considers the property's function?,Demand,Scarcity,Transferability,Utility,D,Property Valuation and Financial Analysis,Value,Utility looks at the property's use or function.
examreview_103462980,91,"Generally, what's the common range for loan origination fees?",1% to 3%,1% to 5%,2% to 5%,3% to 5%,A,Financing,General Concepts,"Lenders usually charge a loan origination fee between 1% and 3%. Loan origination fees are nearly always negotiable, but most borrowers don't know this!"
examreview_103462980,92,What type of value may consumers be interested in if they are looking for the potential rate of return?,Assessed value,Insured value,Investment value,Value in use,C,Property Valuation and Financial Analysis,Value,Investment value relates to the expected rate of return on investment in a property.
examreview_103462980,93,What is established when the parties enter into an agreement voluntarily with a full understanding of the contract terms?,Consent,Consideration,Legal competency,Legal purpose,A,Contracts,General,Consent occurs only when the parties enter into the agreement voluntarily with full understanding of the contract terms.
examreview_103462980,94,Which of the following is a property requirement for CalVet loans?,"The property can be transferred, encumbered, or leased as the owner sees fit.",The property cannot be a mobile or manufactured home.,The property must be a unit in a planned unit development (PUD).,The property must be owner-occupied.,D,Financing,Government Programs,"CalVet requires the property be owner-occupied. The owner must receive permission from the California Department of Veterans Affairs if they wish to transfer, encumber, or lease the property."
examreview_103462980,95,"Daisy is a buyer who made an offer for an older house on three acres. Daisy reviewed the seller disclosures and ordered a professional home inspection. Based on the results of the inspection, which showed a number of latent defects that made Daisy uncomfortable, she decided to exercise her contractual right to cancel the agreement. What's NOT true about this situation?",Daisy is entitled to receive her earnest money back as long as she's formally canceled the purchase agreement within the time period specified in the contract contingency.,Daisy is obligated to give the seller a copy of the inspection report at no cost.,"If Daisy hadn't decided to cancel the agreement, she could have exercised her contractual right to request the seller make repairs to the property based on the inspection reports.",The seller is obligated to repair the defects identified in the inspection report before accepting any other offer.,D,"Practice of Real Estate and Disclosures, Including Specialty Areas",Reports,"Daisy is entitled to get her earnest money back if she cancels the agreement according to the terms outlined in the RPA. The seller isn't obligated to make any repairs, although Daisy must provide the seller with a copy of the inspection report."
examreview_103462980,96,Seth is a licensee representing seller Dora. Which of these items is Seth required to disclose to prospective buyers about the property?,Dora doesn't use the back door because the steps leading to the yard are rotted.,Dora keeps sunflowers planted in the back yard because the local birds can eat the seeds.,The neighborhood kids like to ride their bikes in Dora's driveway.,The pink geraniums in the window boxes are fake.,A,"Practice of Real Estate and Disclosures, Including Specialty Areas",Disclosure of Material Facts Affecting Property Value,None of these items is a material fact about the physical condition of the property except for the rotting steps by the back door.
examreview_103462980,97,Which of these is a contract between a client and agent to sell real property?,Contract for sale,Covenant,Deposit receipt,Listing agreement,D,Contracts,Listing Agreements,"Think of the listing agreement as the employment contract between the listing agent and client. All listings, however, belong to the brokerage."
examreview_103462980,98,What is the goal of real estate law?,Limit activities real estate professionals can perform,Limit the services consumers can obtain from real estate professions,Promote the interests of real estate professionals,"Protect and promote public safety, health, order, and welfare",D,"Practice of Real Estate and Disclosures, Including Specialty Areas",DRE Jurisdiction and Disciplinary Actions,Real estate law is designed to protect the public.
examreview_103462980,99,Which of the following statements best describes a listing that terminates by performance?,"Evan performed all required fiduciary duties and tasks in listing Von's house, even though it didn't sell before the listing expired.","Greg listed a property that failed to sell during the term of the listing agreement. Aside from that, he performed all the tasks promised to the seller.",Marty listed Todd's condo. With Marty's efforts they got almost to closing only to have the buyer's financing fall through.,"Roberto listed a property for Terrence. After two failed offers, the property made it to a successful closing. ",D,Laws of Agency and Fiduciary Duties,Termination of Agency,"No matter how well a licensee performs his tasks, a listing agreement is terminated by completion /performance only if it successfully closes."
examreview_103462980,100,"If an offer is accepted at 2 p.m. on Tuesday, August 4, when, according to the sales contract, does a deadline that falls ""five days after acceptance"" occur?","11:59 p.m., August 10","11:59 p.m., August 9","2 p.m., August 11","2 p.m., August 9",B,Contracts,Offers/Purchase Contracts,"Deadlines for ""days after"" fall at the end of the day, not including the day on which the event occurred, and days counted do not include weekends or holidays."
examreview_103462980,101,What happens when the termination date of a listing agreement is reached before the property is sold?,The listing agent may still try to sell the property.,The listing expires and is automatically terminated.,The seller can't extend the listing agreement,The seller owes the brokerage whatever compensation was noted in the listing agreement. ,B,Laws of Agency and Fiduciary Duties,Termination of Agency,A listing agreement automatically terminates on the end date noted in the agreement unless the seller agrees to extend it. It's generally not legal to include an automatic extension clause in a representation agreement.
examreview_103462980,102,Which of the following statements best describes the judicial foreclosure and sale process?,It's illegal in most states.,It's used in cases where something other than the property is used as collateral.,No court involvement is required.,The lender must seek the court's permission to foreclose on the property used as collateral for the loan. ,D,Transfer of Property,Transfer Through Court Supervision,"In a judicial foreclosure and sale process, the lender must seek the court's permission to foreclose on the property used as collateral for the loan."
examreview_103462980,103,"Fixtures usually stay with the property, whereas personal property goes with the seller. Which of these items would go with the seller?",Cabinets attached to the garage walls,Claw foot tub,Furniture,Garage door opener,C,"Practice of Real Estate and Disclosures, Including Specialty Areas",Disclosure of Material Facts Affecting Property Value,Furniture is considered personal property and would go with the seller.
examreview_103462980,104,Which of these statements is true?,Buyers who need to sell their property before purchasing a new one should make the offer contingent on that sale.,It is highly unusual for buyers to make offers contingent on the sale of their property.,There is no buyer's sale contingency in California.,The Sale of Buyer's Property contingency form is a required addendum to all sales contracts. ,A,Contracts,Offers/Purchase Contracts,Buyers who need to sell their property before purchasing a new one should make the offer contingent on that sale.
examreview_103462980,105,Widget Corporation just bought land on which it plans to build a new manufacturing facility. How is the land owned?,It's a joint tenancy.,It's held as a tenancy in common.,It's owned as an estate in severalty.,There isn't enough information to tell.,C,Transfer of Property,Types of Vesting,Corporations are legal entities and hold property similar to the way a sole proprietor or an individual does: in severalty.
examreview_103462980,106,Rental properties that are less than ______ are exempt from the Tenant Protection Act of 2019.,15 years old,20 years old,25 years old,30 years old,A,"Practice of Real Estate and Disclosures, Including Specialty Areas",Property Management,"Properties less than 15 years old are exempt from the Tenant Protection Act. As a property ages, it may eventually fall under the acts regulations."
examreview_103462980,107,"Jeffrey has accepted an offer of $310,000 for his house. The buyer is making a $50,000 down payment, and the buyer's appraisal came in at $300,000. On what number will the buyer's lender base the loan-to-value ratio?","$249,000.00","$299,000.00","$300,000.00",There's no way to tell given the data provided.,C,Financing,General Concepts,Lenders use the lesser of the sales price or appraised value.
examreview_103462980,108,"A couple received a general warranty deed when they purchased their house from the previous owner. A couple of months after they moved in, their neighbor drove his four-wheeler across their property to access the lake front. The couple discovered that the previous owner and their neighbor agreed to an easement over the property several years earlier. Which general warranty deed covenant does this represent?",The covenant against encumbrances,The covenant of further assurances,The covenant of quiet enjoyment,The covenant of seisin,A,Transfer of Property,Deeds,The covenant against encumbrances assures the grantee that no encumbrances exist other than those that are publicly recorded or noted in the deed.
examreview_103462980,109,"After entering into a contract, an inspection revealed that the property has extensive roof damage. The seller declined to fix it, so the parties agreed to cancel the deal. What is this an example of?",Accepting liquidated damages,Accepting partial performance,Mutually rescinding the contract,Unilaterally rescinding the contract,C,Contracts,General,"In this example, the parties mutually rescinded the contract as a means of remedying the situation."
examreview_103462980,110,"Simon is a buyer represented by Peter. Peter shows Simon several homes currently on the market. What is Peter's relationship to the sellers, if he doesn't represent them?",Peter has no relationship with the sellers.,Peter is a fiduciary for the sellers.,The sellers are Peter's customers.,The sellers are Peter's principals.,C,Laws of Agency and Fiduciary Duties,"Law, Definition and Nature of Agency Relationships, Types of Agencies, and Agents","The sellers are Peter's customers; he doesn't owe fiduciary duties to them, but he is required to treat them with fairness and honesty."
examreview_103462980,111,Bradley provided his clients with a dual agency disclosure. He obtained his clients' signatures and provided copies to his clients. What step did he miss?,He did not make sure his clients understood the form before signing it.,He did not offer to also mail his clients a certified copy.,He did not receive his broker's permission.,"No steps; if he obtained signatures, he has done his job.",A,Laws of Agency and Fiduciary Duties,Disclosure of Agency,"Actually, obtaining signatures is not enough. Licensees must first make certain that clients understand what they are giving up in a dual agency situation before they sign the form."
examreview_103462980,112,What type of contract has terms that have not been completed?,Bilateral contract,Executed contract,Executory contract,Unilateral contract,C,Contracts,General,"In an executory contract, one or more of the contract's terms is yet to be completed."
examreview_103462980,113,Connie is a new licensee and has just entered into an agency relationship after obtaining a signed agency disclosure from her new client. What must Connie do now?,Give a copy to her client and retain the form for three years,Have the form notarized and provide a copy to her client,Record the document with the county,"Shred the document, as it contains financial information",A,Laws of Agency and Fiduciary Duties,Disclosure of Agency,Signed agency disclosures must be retained for three years; a copy must also be provided to the client.
examreview_103462980,114,"What phrase is or words are required on a deed and are considered an ""act of conveyance?""","""Between ____ and ____.""","""Forever and always""","""Grant and convey""","""Witnesseth and acknowledged""",C,Transfer of Property,Deeds,"The phrase ""grant and convey,"" or either word, must be on a deed as a part of the granting clause and is considered an act of conveyance."
examreview_103462980,115,Which document establishes path and proof of ownership?,Abstract of title,Chain of title,Deed,Title insurance,B,Transfer of Property,Title Insurance,The chain of title document establishes the path and proof of ownership.
examreview_103462980,116,"Andrew and Roberta have signed an agreement that gives Andrew the right to buy Roberta's condo for $200,000, if he chooses to do so, up until April 2, 2018. What is this agreement called?",A bilateral contract,A lease,An option,A purchase and sale agreement,C,Contracts,Purchase/Lease Options,"The option is unilateral because only one party has the right to exercise the option. That party must do so within a specified time period, called the ""option period."""
examreview_103462980,117,"When prices go down because there are too many homes on the market and too few buyers, what economic principle is at work?",Competition,Conformity,Progression,Regression,A,Property Valuation and Financial Analysis,Value,"Competition is related to supply and demand. Multiple similar properties on the market create competition, causing a decrease in value (lower prices) because the supply exceeds demand. Fewer homes on the market means less competition, increasing demand and driving prices upward."
examreview_103462980,118,"In the sales comparison approach, which of these are selected and evaluated both quantitatively and qualitatively against the subject property?",Alternatives,Comparables,Conformables,Substitutions,B,Property Valuation and Financial Analysis,Methods of Estimating Value,"When sizing up the competition to the subject in the marketplace, comparable properties must be selected and compared both qualitatively and quantitatively."
examreview_103462980,119,"A contract specified that the refrigerator and stove would be included in the sale, but the seller took the refrigerator. The buyer went through with the sale anyway. This is an example of ______ of the contract.",Partial performance,Performance,Reinforcement,Voiding,A,Contracts,General,"Partial performance occurs when one of the contract's parties does some, but not all, of what the party has agreed to do."
examreview_103462980,120,"In which phase of the real estate market would you expect to see properties selling for more than they're worth, many buyers in the market, and lots of new construction?",Expansion,Over supply,Recession,Recovery,B,Property Valuation and Financial Analysis,Value,"Over supply is a phase that sees homes selling for more than their value. There are lots of buyers and lots of construction trying to keep up with the demand. This phase can't be sustained, and eventually the market heads toward a recession."
examreview_103462980,121,What is a contingency?,A condition,A deadline,A promise,A warranty,A,Contracts,Offers/Purchase Contracts,"Although contingencies generally have deadlines, they serve as conditions placed on the original agreement. The buyer makes the offer subject to certain conditions, called contingencies."
examreview_103462980,122,Which category of appraiser must be supervised by a certified appraiser and can assist on any appraisals their supervisor can perform?,Certified general appraiser,Certified residential appraiser,Residential license,Trainee license,D,Property Valuation and Financial Analysis,Methods of Estimating Value,This is a trainee licensee. These appraisers are just getting started. They work under the supervision of a certified appraiser to gain the experience needed for other levels of appraisal licenses.
examreview_103462980,123,To which of these individuals does California licensee Nadine owe the duty of reasonable skill and care rather than utmost skill and care?,"Don, a seller, and Betty, a buyer, who have agreed to use Nadine as the dual agent in their transaction","Fred, the buyer offering for Ruby's house, who is represented by another licensee","Nicholas, Nadine's buyer client","Ruby, Nadine's seller client",B,Laws of Agency and Fiduciary Duties,Responsibilities of Agent to Non-Client Third Parties,"Nadine owes customers in a transaction, like Fred, the duty of reasonable skill and care, and she owes her clients the duty of utmost skill and care."
examreview_103462980,124,Marcy's offer on a home was accepted! Which party will be contacting her about arranging an appraisal?,The closing attorney,The lender,The seller's agent,The title insurance representative,B,Property Valuation and Financial Analysis,Methods of Estimating Value,Lenders order appraisals before agreeing to underwrite a loan. A lender won't finance the purchase of a property used for collateral unless the underlying value meets the lender's underwriting standards.
examreview_103462980,125,"What does the Financial Institutions Reform, Recovery, and Enforcement Act require?",Federally related appraisals must be conducted by an appraiser who's either licensed or certified by the state.,Federally related transactions need not be appraised.,Non-federally related transactions must be appraised by government employees.,Real estate licensees who perform appraisals must have a federal security clearance.,A,Property Valuation and Financial Analysis,Methods of Estimating Value,FIRREA states that federally related appraisals must be conducted by an appraiser who's either licensed or certified by the state.
examreview_103462980,126,Marco is anxious to buy a home and is willing to waive the inspection contingency. Do you still need to provide him with a Buyer's Inspection Advisory?,"No, because the form is only used for short sales.","No, because to do so would constitute disobeying your client's wishes.","Yes, because Marco should still be advised of the reasons inspections are needed.","Yes, because the Buyer's Inspection Advisory is a prerequisite for waiving the inspection contingency. ",C,Contracts,Offers/Purchase Contracts,The Buyer's Inspection Advisory should still accompany the purchase contract even if the buyer is willing to waive the contingency.
examreview_103462980,127,Katy's home that was listed for sale was destroyed by fire. Under which of these methods will her listing agreement terminate?,Completion,Expiration,Force of law,Mutual agreement,C,Laws of Agency and Fiduciary Duties,Termination of Agency,The listing agreement in this situation will terminate based on force of law (destruction of property).
examreview_103462980,128,"Jerome has four grown children. When he dies, he leaves his home to all four children, making them tenants in common with equal shares. One child wants to live in the house, another wants to use it as investment property, and two others want to sell it and take the cash. When they can't agree on a solution, they end up in court and the property is ______.",Deeded by appointment,Foreclosed,Partitioned,Transferred via intestate succession,C,Transfer of Property,Transfer Through Court Supervision,"If tenants in common can't agree on the disposition of a property, they may end up with a court order to partition the property either physically or economically after a sale."
examreview_103462980,129,"Parcels of land are valued at $50,000 each. However, when two of the parcels are joined, they are valued at $120,000. What economic principle is at work here?",Anticipation,Contribution,Plottage,Progression,C,Property Valuation and Financial Analysis,Value,Plottage is an increase in property value when two neighboring parcels of land are joined together.
examreview_103462980,130,Which of the following is the most serious consequence of treating a customer as a client?,Breaching your duty to your actual client,Drumming up potential business,Wasting your time,Working for someone for free,A,Laws of Agency and Fiduciary Duties,Responsibilities of Agent to Non-Client Third Parties,"If you treat a customer as a client, you could breach your duty to your client. For instance, if you provided client-level service to a buyer interested in your seller's listing, you'd be breaching the duty of undivided loyalty to the seller."
examreview_103462980,131,"A seller signed a six-month listing agreement with a licensee on February 12. By September, the property hadn't been sold. What's the status of the listing agreement?",The agent can renounce the listing because the seller refused to listen to reason about the sales price.,The listing agreement expired in August.,The seller and listing agent can mutually agree to terminate the agreement.,The seller can revoke the agreement because the listing agent didn't sell the property.,B,Laws of Agency and Fiduciary Duties,Termination of Agency,A six-month agreement signed on February 12 would expire in August.
examreview_103462980,132,What's the first step an appraiser will perform when conducting an appraisal?,Estimate the value of the land.,Gather and analyze data.,Identify the data that's needed.,State the problem.,D,Property Valuation and Financial Analysis,Value,"The first step is to state the problem so the appraiser can identify what data is needed. After that, the appraiser will identify the data needed, then gather and analyze it."
examreview_103462980,133,Janice is a licensee with a buyer client who just found a great house. Which of the following is she NOT required to disclose to her client?,She co-owns the property.,She knows the house was damaged in a severe fire two years ago.,She lives two blocks away.,The owner is her brother-in-law.,C,Laws of Agency and Fiduciary Duties,Disclosure of Acting as Principal or Other Interest,"Conflicts of interest, which include personal and ownership relationships, must be disclosed to all parties. Known material facts must also be disclosed. Living a few blocks away is not considered a conflict of interest or a material fact."
examreview_103462980,134,"If a listing agent is interested in purchasing her own listing, what must that agent do?",Disclose to the seller that the agent is interested in purchasing the property.,Hold any other offers so the seller accepts the listing agent's offer.,Price the property above fair market value so the seller gets a better deal.,Price the property below fair market value so the agent gets a better deal.,A,Laws of Agency and Fiduciary Duties,Disclosure of Acting as Principal or Other Interest,"In cases such cases, the agent must disclose immediately to the seller that the agent has an interest in the property. The agent must also properly market and fairly price the property just as she would any other listing."
examreview_103462980,135,Which of the following is the price a lender believes the property will bring at a foreclosure sale?,Insured value,Investment value,Mortgage value,Value in use,C,Property Valuation and Financial Analysis,Value,"Lenders won't lend on what they can't recoup. Therefore, the loan amount will be based on what a lender would hope to recoup, should a foreclosure sale be necessary."
examreview_103462980,136,What type of valuation would be the best to use when appraising new construction?,Cost,Income capitalization,Liquidation value,Sales comparison,A,Property Valuation and Financial Analysis,Methods of Estimating Value,"The cost approach to finding appraised value measures value as a cost of production, including the acquisition of the land and the construction costs."
examreview_103462980,137,"A development company specializes in constructing new, energy-efficient houses. What is the best approach for an appraiser to use when appraising these homes?",Appraisal process,Cost approach,Income approach,Sales comparison approach,B,Property Valuation and Financial Analysis,Methods of Estimating Value,"he cost approach is the best method to determine the cost of acquiring the land and new construction, since comparables would not be available."
examreview_103462980,138,Which one of the following actions would result in the legal termination of an agency agreement?,The client wants the seller to make improvements to the property.,The client wants to attach an addendum to the sales contract.,There's an unexpected death in the agent's family.,The term specified in the agency agreement expired.,D,Laws of Agency and Fiduciary Duties,Termination of Agency,"If the specified term in the agency agreement expires, the agency agreement would be terminated."
examreview_103462980,139,"Javier represents Marcus, who's selling his rental property to Ben. Ben is represented by another real estate licensee, Francis. What is Ben's relationship to Javier?",Client and fiduciary,Customer,Customer and client,Fiduciary,B,Laws of Agency and Fiduciary Duties,"Law, Definition and Nature of Agency Relationships, Types of Agencies, and Agents",Ben is both a principal (as a party to the transaction) and Javier's customer. Ben isn't Javier's client.
examreview_103462980,140,Which of the following describes a universal agent?,Buyer's agent,Conservator,Escrow officer,Listing agent,B,Laws of Agency and Fiduciary Duties,"Law, Definition and Nature of Agency Relationships, Types of Agencies, and Agents","A universal agent has broad authority to act on behalf of the principal, such as a person with a power of attorney or a conservator. A special or specific agent has limited scope of authority."
examreview_103462980,141,Which of these is NOT a duty that California licensees owe to the non-client principals in a transaction?,Disclosure of material facts,"Honesty, fairness, and good faith",Loyalty,Reasonable skill and care,C,Laws of Agency and Fiduciary Duties,Responsibilities of Agent to Non-Client Third Parties,"State law requires licensees to fulfill certain duties for non-client principals in a transaction. These include reasonable skill and care, honesty, fairness, good faith, and full disclosure of material facts. Loyalty is owed only to clients."
examreview_103462980,142,For how long must a licensee retain a signed agency disclosure?,Forever,For one year after the agency relationship ends,For three years,Until the agency relationship ends,C,Laws of Agency and Fiduciary Duties,Disclosure of Agency,Signed agency disclosures must be retained for three years.
examreview_103462980,143,"You have an agency agreement with Sam to list his property for sale. Because of this, what is Sam's relationship to you?",Client,Confidante,Customer,Friend,A,Laws of Agency and Fiduciary Duties,"Law, Definition and Nature of Agency Relationships, Types of Agencies, and Agents","An agency agreement exists, which makes Sam your client."
examreview_103462980,144,"You have an agency agreement with Sam to list his property for sale. Because of this, what is Sam's relationship to you?",Client,Confidante,Customer,Friend,A,Laws of Agency and Fiduciary Duties,"Law, Definition and Nature of Agency Relationships, Types of Agencies, and Agents","An agency agreement exists, which makes Sam your client."
examreview_103462980,145,You're on a planning board that's discussing how to keep the city more livable by reducing building density. The subject of bulk zoning comes up. What is your response?,"""That applies to commercial areas only.""","""That's a great way to meet our objectives.""","""That's crazy. We're trying to reduce density, not increase it.""","""That will work for residential areas, but what about commercial?""",B,Property Ownership and Land Use Controls and Regulations,Public Controls,"Your response should be, ""That's a great way to meet our objectives."" Bulk zoning can apply to both residential and commercial zones, and it doesn't increase density."
examreview_103462980,146,"What makes a ""Choose Your Neighbor"" marketing letter potentially discriminatory?","It limits the availability of the property for sale to those who are ""pre-approved"" by neighbors.",It prevents illiterate neighbors from participating in selection of buyers.,The letters don't allow neighbors to agree on the actual buyer.,There's no requirement for the number of neighbors who receive the letter.,A,"Practice of Real Estate and Disclosures, Including Specialty Areas",Servicing Diverse Populations,"The ""Choose Your Neighbor"" marketing letter is discriminatory when it limits or restricts the type of buyers who have access to the property."
examreview_103462980,147,A developer wants to turn a 20-acre parcel of land in a residential zoning area into condominiums. The town is considering rezoning that parcel to allow the development because the developer plans to include a public park and walking trail. What kind of zoning is this?,Aesthetic zoning,Downzoning,Incentive zoning,Spot zoning,C,Property Ownership and Land Use Controls and Regulations,Public Controls,Incentive zoning occurs when a municipality allows a property owner to proceed with an otherwise- prohibited type of construction in return for improvements that will benefit the community.
examreview_103462980,148,Neighbors sign an agreement promising to only sell to parents with small children. This contract can't be enforced because it's missing ______.,Consideration,Legally competent parties,Legal purpose,Offer and acceptance,C,Contracts,General,This discrimination is a fair housing violation. Legal purpose means that contracts must be written for a lawful objective. A contract for an illegal purpose is void.
examreview_103462980,149,What type of lien is established when a homeowner seeks to expand their home by obtaining a home equity loan?,Involuntary and general,Involuntary and specific,Voluntary and general,Voluntary and specific,D,Property Ownership and Land Use Controls and Regulations,Encumbrances,A home equity loan creates a voluntary lien because the homeowner consents to the lien. It is specific because it is attached to only one property.
examreview_103462980,150,"What's the name of the clause in a promissory note where this language appears: ""If the Note Holder has not received the full amount of any monthly payment by the end of ______ calendar days after the date it is due, I will pay a late charge to the Note Holder""?",Fees and additional charges clause,Late charge provision,Lock-in clause,Prepayment provision,B,Contracts,Promissory Notes/Securities,The late charge provision includes statements describing the borrower's responsibility to pay a fee if the monthly payment is late.